Web link,Local authority name,Region,Inspection date,Overall judgement (OE),Children who need help and protection,Children looked after and achieving permanence,CLA sub: adoption performance,CLA sub: experiences and progress of care leavers,"Leadership, management and governance"
Ofsted Local Authority Webpage,Barking and Dagenham,London,18/02/2019,Requires improvement to be good,Requires improvement to be good,Requires improvement to be good,,,Requires improvement to be good
Ofsted Local Authority Webpage,Barnet,London,25/04/2017,Inadequate,Inadequate,Inadequate,Requires improvement to be good,Requires improvement to be good,Inadequate
Ofsted Local Authority Webpage,Barnsley,Yorkshire and The Humber,08/10/2018,Good,Good,Good,,,Good
Ofsted Local Authority Webpage,Bath and North East Somerset,South West,24/04/2017,Good,Requires improvement to be good,Good,Outstanding,Requires improvement to be good,Good
Ofsted Local Authority Webpage,Bedford,East of England,23/01/2017,Requires improvement to be good,Requires improvement to be good,Requires improvement to be good,Good,Good,Requires improvement to be good
Ofsted Local Authority Webpage,Bexley,London,09/07/2018,Outstanding,Outstanding,Good,,,Outstanding
Ofsted Local Authority Webpage,Birmingham,West Midlands,03/12/2018,Requires improvement to be good,Requires improvement to be good,Requires improvement to be good,,,Requires improvement to be good
Ofsted Local Authority Webpage,Blackburn with Darwen,North West,25/09/2017,Good,Requires improvement to be good,Good,Good,Good,Good
Ofsted Local Authority Webpage,Blackpool,North West,26/11/2018,Inadequate,Inadequate,Requires improvement to be good,,,Inadequate
Ofsted Local Authority Webpage,Bolton,North West,23/04/2018,Good,Good,Good,,,Good
Ofsted Local Authority Webpage,Bournemouth,South West,16/07/2018,Requires improvement to be good,Requires improvement to be good,Requires improvement to be good,,,Inadequate
Ofsted Local Authority Webpage,Bracknell Forest,South East,28/04/2017,Good,Good,Outstanding,Outstanding,Outstanding,Good
Ofsted Local Authority Webpage,Bradford,Yorkshire and The Humber,17/09/2018,Inadequate,Inadequate,Requires improvement to be good,,,Requires improvement to be good
Ofsted Local Authority Webpage,Brent,London,14/05/2018,Good,Requires improvement to be good,Outstanding,,,Good
Ofsted Local Authority Webpage,Brighton and Hove,South East,09/07/2018,Good,Requires improvement to be good,Good,,,Good
Ofsted Local Authority Webpage,Bristol,South West,10/09/2018,Requires improvement to be good,Requires improvement to be good,Requires improvement to be good,,,Good
Ofsted Local Authority Webpage,Bromley,London,19/11/2018,Good,Good,Good,,,Outstanding
Ofsted Local Authority Webpage,Buckinghamshire,South East,06/11/2017,Inadequate,Inadequate,Inadequate,Good,Requires improvement to be good,Inadequate
Ofsted Local Authority Webpage,Bury,North West,22/02/2016,Requires improvement to be good,Good,Requires improvement to be good,Good,Requires improvement to be good,Good
Ofsted Local Authority Webpage,Calderdale,Yorkshire and The Humber,12/11/2018,Good,Requires improvement to be good,Outstanding,,,Good
Ofsted Local Authority Webpage,Cambridgeshire,East of England,14/01/2019,Requires improvement to be good,Requires improvement to be good,Requires improvement to be good,,,Good
Ofsted Local Authority Webpage,Camden,London,11/09/2017,Good,Good,Good,Outstanding,Good,Outstanding
Ofsted Local Authority Webpage,Central Bedfordshire,East of England,12/06/2017,Good,Good,Requires improvement to be good,Good,Good,Good
Ofsted Local Authority Webpage,Cheshire East,North West,06/07/2015,Requires improvement to be good,Requires improvement to be good,Requires improvement to be good,Good,Requires improvement to be good,Requires improvement to be good
Ofsted Local Authority Webpage,Cheshire West and Chester,North West,23/11/2015,Good,Good,Good,Outstanding,Good,Outstanding
Ofsted Local Authority Webpage,City of London,London,04/07/2016,Good,Good,Good, -,Good,Outstanding
Ofsted Local Authority Webpage,Cornwall,South West,11/04/2016,Good,Requires improvement to be good,Good,Good,Good,Good
Ofsted Local Authority Webpage,Coventry,West Midlands,06/03/2017,Requires improvement to be good,Requires improvement to be good,Requires improvement to be good,Requires improvement to be good,Good,Requires improvement to be good
Ofsted Local Authority Webpage,Croydon,London,20/06/2017,Inadequate,Inadequate,Inadequate,Requires improvement to be good,Requires improvement to be good,Inadequate
Ofsted Local Authority Webpage,Cumbria,North West,06/11/2017,Requires improvement to be good,Requires improvement to be good,Requires improvement to be good,Good,Requires improvement to be good,Good
Ofsted Local Authority Webpage,Darlington,North East,27/02/2018,Requires improvement to be good,Requires improvement to be good,Requires improvement to be good,Good,Good,Requires improvement to be good
Ofsted Local Authority Webpage,Derby,East Midlands,06/03/2017,Good,Requires improvement to be good,Good,Good,Good,Good
Ofsted Local Authority Webpage,Derbyshire,East Midlands,19/11/2013,Good,Good,Good,Good,Good,Good
Ofsted Local Authority Webpage,Devon,South West,24/02/2015,Requires improvement to be good,Requires improvement to be good,Requires improvement to be good,Good,Inadequate,Requires improvement to be good
Ofsted Local Authority Webpage,Doncaster,Yorkshire and The Humber,09/11/2017,Good,Good,Good,Good,Good,Good
Ofsted Local Authority Webpage,Dorset,South West,22/02/2016,Requires improvement to be good,Requires improvement to be good,Requires improvement to be good,Good,Requires improvement to be good,Requires improvement to be good
Ofsted Local Authority Webpage,Dudley,West Midlands,29/10/2018,Requires improvement to be good,Requires improvement to be good,Good,,,Good
Ofsted Local Authority Webpage,Durham,North East,22/02/2016,Requires improvement to be good,Requires improvement to be good,Requires improvement to be good,Good,Good,Requires improvement to be good
Ofsted Local Authority Webpage,Ealing,London,13/06/2016,Good,Good,Good,Good,Outstanding,Good
Ofsted Local Authority Webpage,East Riding of Yorkshire,Yorkshire and The Humber,21/11/2016,Good,Good,Good,Good,Outstanding,Good
Ofsted Local Authority Webpage,East Sussex,South East,16/07/2018,Outstanding,Good,Outstanding,,,Outstanding
Ofsted Local Authority Webpage,Enfield,London,04/03/2019,Good,Good,Good,,,Good
Ofsted Local Authority Webpage,Essex,East of England,19/11/2018,Outstanding,Outstanding,Good,,,Outstanding
Ofsted Local Authority Webpage,Gateshead,North East,27/10/2015,Good,Good,Good,Good,Requires improvement to be good,Good
Ofsted Local Authority Webpage,Gloucestershire,South West,27/02/2017,Inadequate,Inadequate,Requires improvement to be good,Good,Requires improvement to be good,Inadequate
Ofsted Local Authority Webpage,Greenwich,London,23/05/2016,Good,Good,Good,Good,Good,Good
Ofsted Local Authority Webpage,Hackney,London,04/07/2016,Good,Good,Good,Good,Outstanding,Good
Ofsted Local Authority Webpage,Halton,North West,18/11/2014,Requires improvement to be good,Requires improvement to be good,Good,Good,Good,Requires improvement to be good
Ofsted Local Authority Webpage,Hammersmith and Fulham,London,11/01/2016,Good,Good,Good,Outstanding,Good,Outstanding
Ofsted Local Authority Webpage,Hampshire,South East,18/02/2014,Good,Good,Good,Outstanding,Good,Outstanding
Ofsted Local Authority Webpage,Haringey,London,29/10/2018,Requires improvement to be good,Requires improvement to be good,Requires improvement to be good,,,Requires improvement to be good
Ofsted Local Authority Webpage,Harrow,London,16/01/2017,Good,Requires improvement to be good,Good,Good,Good,Good
Ofsted Local Authority Webpage,Hartlepool,North East,23/07/2018,Good,Good,Outstanding,,,Good
Ofsted Local Authority Webpage,Havering,London,11/06/2018,Good,Requires improvement to be good,Good,,,Good
Ofsted Local Authority Webpage,Herefordshire,West Midlands,11/06/2018,Requires improvement to be good,Requires improvement to be good,Requires improvement to be good,,,Inadequate
Ofsted Local Authority Webpage,Hertfordshire,East of England,15/10/2018,Good,Good,Good,,,Outstanding
Ofsted Local Authority Webpage,Hillingdon,London,16/04/2018,Good,Good,Good,,,Outstanding
Ofsted Local Authority Webpage,Hounslow,London,01/10/2018,Good,Requires improvement to be good,Good,,,Good
Ofsted Local Authority Webpage,Isle of Wight,South East,19/11/2018,Good,Good,Good,,,Good
Ofsted Local Authority Webpage,Isles of Scilly,South West,11/04/2016,Good,Good, -, -, -,Good
Ofsted Local Authority Webpage,Islington,London,28/04/2017,Good,Good,Good,Good,Good,Outstanding
Ofsted Local Authority Webpage,Kensington and Chelsea,London,11/01/2016,Outstanding,Good,Outstanding,Outstanding,Outstanding,Outstanding
Ofsted Local Authority Webpage,Kent,South East,06/03/2017,Good,Requires improvement to be good,Good,Good,Good,Good
Ofsted Local Authority Webpage,Kingston upon Hull,Yorkshire and The Humber,18/11/2014,Requires improvement to be good,Requires improvement to be good,Requires improvement to be good,Requires improvement to be good,Requires improvement to be good,Requires improvement to be good
Ofsted Local Authority Webpage,Kingston upon Thames,London,22/05/2015,Good,Good,Good,Good,Good,Good
Ofsted Local Authority Webpage,Kirklees,Yorkshire and The Humber,12/09/2016,Inadequate,Inadequate,Inadequate,Requires improvement to be good,Requires improvement to be good,Inadequate
Ofsted Local Authority Webpage,Knowsley,North West,13/03/2017,Requires improvement to be good,Requires improvement to be good,Requires improvement to be good,Good,Good,Good
Ofsted Local Authority Webpage,Lambeth,London,29/01/2018,Requires improvement to be good,Requires improvement to be good,Requires improvement to be good,Inadequate,Requires improvement to be good,Requires improvement to be good
Ofsted Local Authority Webpage,Lancashire,North West,04/06/2018,Requires improvement to be good,Requires improvement to be good,Requires improvement to be good,Good,Requires improvement to be good,Requires improvement to be good
Ofsted Local Authority Webpage,Leeds,Yorkshire and The Humber,29/10/2018,Outstanding,Outstanding,Good,,,Outstanding
Ofsted Local Authority Webpage,Leicester,East Midlands,19/06/2017,Requires improvement to be good,Requires improvement to be good,Requires improvement to be good,Good,Requires improvement to be good,Good
Ofsted Local Authority Webpage,Leicestershire,East Midlands,14/11/2016,Requires improvement to be good,Requires improvement to be good,Requires improvement to be good,Requires improvement to be good,Requires improvement to be good,Requires improvement to be good
Ofsted Local Authority Webpage,Lewisham,London,26/10/2015,Requires improvement to be good,Requires improvement to be good,Good,Good,Good,Requires improvement to be good
Ofsted Local Authority Webpage,Lincolnshire,East Midlands,22/10/2014,Good,Good,Good,Outstanding,Good,Good
Ofsted Local Authority Webpage,Liverpool,North West,14/05/2018,Requires improvement to be good,Requires improvement to be good,Requires improvement to be good,,,Requires improvement to be good
Ofsted Local Authority Webpage,Luton,East of England,11/01/2016,Requires improvement to be good,Requires improvement to be good,Requires improvement to be good,Requires improvement to be good,Good,Requires improvement to be good
Ofsted Local Authority Webpage,Manchester,North West,09/10/2017,Requires improvement to be good,Requires improvement to be good,Requires improvement to be good,Good,Requires improvement to be good,Good
Ofsted Local Authority Webpage,Medway,South East,14/09/2015,Requires improvement to be good,Requires improvement to be good,Requires improvement to be good,Requires improvement to be good,Good,Requires improvement to be good
Ofsted Local Authority Webpage,Merton,London,12/06/2017,Good,Good,Good,Outstanding,Good,Outstanding
Ofsted Local Authority Webpage,Middlesbrough,North East,23/11/2015,Requires improvement to be good,Requires improvement to be good,Requires improvement to be good,Good,Good,Requires improvement to be good
Ofsted Local Authority Webpage,Milton Keynes,South East,12/09/2016,Requires improvement to be good,Requires improvement to be good,Requires improvement to be good,Requires improvement to be good,Requires improvement to be good,Requires improvement to be good
Ofsted Local Authority Webpage,Newcastle upon Tyne,North East,24/04/2017,Requires improvement to be good,Requires improvement to be good,Requires improvement to be good,Good,Good,Good
Ofsted Local Authority Webpage,Newham,London,11/02/2019,Inadequate,Requires improvement to be good,Inadequate,,,Inadequate
Ofsted Local Authority Webpage,Norfolk,East of England,13/11/2017,Requires improvement to be good,Requires improvement to be good,Requires improvement to be good,Outstanding,Requires improvement to be good,Requires improvement to be good
Ofsted Local Authority Webpage,North East Lincolnshire,Yorkshire and The Humber,10/07/2017,Good,Requires improvement to be good,Good,Good,Good,Good
Ofsted Local Authority Webpage,North Lincolnshire,Yorkshire and The Humber,20/06/2017,Outstanding,Good,Outstanding,Outstanding,Outstanding,Outstanding
Ofsted Local Authority Webpage,North Somerset,South West,12/06/2017,Requires improvement to be good,Requires improvement to be good,Requires improvement to be good,Good,Good,Requires improvement to be good
Ofsted Local Authority Webpage,North Tyneside,North East,27/02/2017,Good,Good,Good,Good,Outstanding,Good
Ofsted Local Authority Webpage,North Yorkshire,Yorkshire and The Humber,02/07/2018,Outstanding,Outstanding,Outstanding,,,Outstanding
Ofsted Local Authority Webpage,Northamptonshire,East Midlands,08/02/2016,Requires improvement to be good,Requires improvement to be good,Requires improvement to be good,Requires improvement to be good,Requires improvement to be good,Requires improvement to be good
Ofsted Local Authority Webpage,Northumberland,North East,25/01/2016,Requires improvement to be good,Requires improvement to be good,Requires improvement to be good,Good,Requires improvement to be good,Requires improvement to be good
Ofsted Local Authority Webpage,Nottingham,East Midlands,05/11/2018,Requires improvement to be good,Requires improvement to be good,Requires improvement to be good,,,Requires improvement to be good
Ofsted Local Authority Webpage,Nottinghamshire,East Midlands,11/05/2015,Good,Good,Good,Good,Requires improvement to be good,Good
Ofsted Local Authority Webpage,Oldham,North West,21/01/2019,Requires improvement to be good,Requires improvement to be good,Requires improvement to be good,,,Requires improvement to be good
Ofsted Local Authority Webpage,Oxfordshire,South East,16/04/2018,Good,Requires improvement to be good,Good,,,Good
Ofsted Local Authority Webpage,Peterborough,East of England,25/06/2018,Good,Good,Good,,,Good
Ofsted Local Authority Webpage,Plymouth,South West,29/10/2018,Requires improvement to be good,Requires improvement to be good,Requires improvement to be good,,,Requires improvement to be good
Ofsted Local Authority Webpage,Poole,South West,11/09/2017,Requires improvement to be good,Requires improvement to be good,Requires improvement to be good,Good,Good,Requires improvement to be good
Ofsted Local Authority Webpage,Portsmouth,South East,03/09/2018,Good,Good,Good,,,Good
Ofsted Local Authority Webpage,Reading,South East,23/05/2016,Inadequate,Inadequate,Inadequate,Requires improvement to be good,Requires improvement to be good,Inadequate
Ofsted Local Authority Webpage,Redbridge,London,12/09/2016,Good,Good,Good,Good,Requires improvement to be good,Good
Ofsted Local Authority Webpage,Redcar and Cleveland,North East,16/01/2017,Requires improvement to be good,Requires improvement to be good,Good,Good,Good,Requires improvement to be good
Ofsted Local Authority Webpage,Richmond Upon Thames,London,25/09/2017,Good,Good,Good,Good,Good,Good
Ofsted Local Authority Webpage,Rochdale,North West,29/01/2018,Requires improvement to be good,Requires improvement to be good,Good,,,Requires improvement to be good
Ofsted Local Authority Webpage,Rotherham,Yorkshire and The Humber,06/11/2017,Good,Good,Requires improvement to be good,Good,Outstanding,Good
Ofsted Local Authority Webpage,Rutland,East Midlands,14/11/2016,Requires improvement to be good,Requires improvement to be good,Requires improvement to be good,Requires improvement to be good,Good,Requires improvement to be good
Ofsted Local Authority Webpage,Salford,North West,08/10/2018,Good,Good,Good,,,Good
Ofsted Local Authority Webpage,Sandwell,West Midlands,06/11/2017,Inadequate,Inadequate,Inadequate,Inadequate,Requires improvement to be good,Inadequate
Ofsted Local Authority Webpage,Sefton,North West,11/04/2016,Requires improvement to be good,Requires improvement to be good,Requires improvement to be good,Requires improvement to be good,Requires improvement to be good,Requires improvement to be good
Ofsted Local Authority Webpage,Sheffield,Yorkshire and The Humber,19/11/2013,Requires improvement to be good,Good,Requires improvement to be good,Requires improvement to be good,Good,Good
Ofsted Local Authority Webpage,Shropshire,West Midlands,11/09/2017,Good,Good,Requires improvement to be good,Good,Requires improvement to be good,Good
Ofsted Local Authority Webpage,Slough,South East,21/01/2019,Requires improvement to be good,Requires improvement to be good,Requires improvement to be good,,,Requires improvement to be good
Ofsted Local Authority Webpage,Solihull,West Midlands,25/04/2016,Requires improvement to be good,Requires improvement to be good,Requires improvement to be good,Good,Requires improvement to be good,Requires improvement to be good
Ofsted Local Authority Webpage,Somerset,South West,07/11/2017,Requires improvement to be good,Requires improvement to be good,Requires improvement to be good,Good,Requires improvement to be good,Requires improvement to be good
Ofsted Local Authority Webpage,South Gloucestershire,South West,21/11/2016,Inadequate,Inadequate,Requires improvement to be good,Good,Requires improvement to be good,Inadequate
Ofsted Local Authority Webpage,South Tyneside,North East,11/09/2017,Good,Good,Good,Outstanding,Good,Good
Ofsted Local Authority Webpage,Southampton,South East,08/07/2014,Requires improvement to be good,Requires improvement to be good,Requires improvement to be good,Requires improvement to be good,Inadequate,Requires improvement to be good
Ofsted Local Authority Webpage,Southend on Sea,East of England,25/04/2016,Requires improvement to be good,Requires improvement to be good,Requires improvement to be good,Good,Good,Requires improvement to be good
Ofsted Local Authority Webpage,Southwark,London,06/03/2017,Good,Good,Requires improvement to be good,Outstanding,Requires improvement to be good,Good
Ofsted Local Authority Webpage,St Helens,North West,05/11/2014,Requires improvement to be good,Requires improvement to be good,Requires improvement to be good,Requires improvement to be good,Requires improvement to be good,Requires improvement to be good
Ofsted Local Authority Webpage,Staffordshire,West Midlands,04/02/2019,Good,Requires improvement to be good,Good,,,Good
Ofsted Local Authority Webpage,Stockport,North West,12/06/2017,Good,Good,Good,Outstanding,Good,Good
Ofsted Local Authority Webpage,Stockton-on-Tees,North East,23/05/2016,Good,Good,Requires improvement to be good,Requires improvement to be good,Outstanding,Good
Ofsted Local Authority Webpage,Stoke-on-Trent,West Midlands,04/02/2019,Inadequate,Inadequate,Inadequate,,,Inadequate
Ofsted Local Authority Webpage,Suffolk,East of England,23/11/2015,Good,Requires improvement to be good,Good,Good,Requires improvement to be good,Good
Ofsted Local Authority Webpage,Sunderland,North East,23/04/2018,Inadequate,Inadequate,Requires improvement to be good,Good,Requires improvement to be good,Inadequate
Ofsted Local Authority Webpage,Surrey,South East,26/02/2018,Inadequate,Inadequate,Requires improvement to be good,Good,Requires improvement to be good,Inadequate
Ofsted Local Authority Webpage,Sutton,London,14/11/2016,Good,Good,Good,Good,Requires improvement to be good,Good
Ofsted Local Authority Webpage,Swindon,South West,11/03/2014,Requires improvement to be good,Requires improvement to be good,Requires improvement to be good,Good,Requires improvement to be good,Requires improvement to be good
Ofsted Local Authority Webpage,Tameside,North West,26/09/2016,Inadequate,Inadequate,Requires improvement to be good,Good,Requires improvement to be good,Inadequate
Ofsted Local Authority Webpage,Telford and Wrekin,West Midlands,13/06/2016,Requires improvement to be good,Requires improvement to be good,Requires improvement to be good,Good,Good,Requires improvement to be good
Ofsted Local Authority Webpage,Thurrock,East of England,22/02/2016,Requires improvement to be good,Requires improvement to be good,Requires improvement to be good,Requires improvement to be good,Requires improvement to be good,Requires improvement to be good
Ofsted Local Authority Webpage,Torbay,South West,11/06/2018,Inadequate,Inadequate,Requires improvement to be good,Good,Requires improvement to be good,Inadequate
Ofsted Local Authority Webpage,Tower Hamlets,London,23/01/2017,Inadequate,Inadequate,Requires improvement to be good,Requires improvement to be good,Requires improvement to be good,Inadequate
Ofsted Local Authority Webpage,Trafford,North West,27/01/2015,Good,Good,Good,Good,Outstanding,Outstanding
Ofsted Local Authority Webpage,Wakefield,Yorkshire and The Humber,04/06/2018,Inadequate,Inadequate,Inadequate,,,Inadequate
Ofsted Local Authority Webpage,Walsall,West Midlands,20/06/2017,Requires improvement to be good,Requires improvement to be good,Requires improvement to be good,Good,Requires improvement to be good,Requires improvement to be good
Ofsted Local Authority Webpage,Waltham Forest,London,28/01/2019,Good,Good,Good,,,Outstanding
Ofsted Local Authority Webpage,Wandsworth,London,08/05/2018,Requires improvement to be good,Requires improvement to be good,Requires improvement to be good,Requires improvement to be good,Good,Requires improvement to be good
Ofsted Local Authority Webpage,Warrington,North West,24/02/2015,Requires improvement to be good,Requires improvement to be good,Good,Good,Good,Requires improvement to be good
Ofsted Local Authority Webpage,Warwickshire,West Midlands,02/05/2017,Requires improvement to be good,Requires improvement to be good,Requires improvement to be good,Good,Requires improvement to be good,Requires improvement to be good
Ofsted Local Authority Webpage,West Berkshire,South East,08/05/2017,Good,Requires improvement to be good,Good,Good,Good,Good
Ofsted Local Authority Webpage,West Sussex,South East,26/10/2015,Requires improvement to be good,Requires improvement to be good,Requires improvement to be good,Requires improvement to be good,Requires improvement to be good,Requires improvement to be good
Ofsted Local Authority Webpage,Westminster,London,11/01/2016,Outstanding,Good,Outstanding,Outstanding,Good,Outstanding
Ofsted Local Authority Webpage,Wigan,North West,16/01/2017,Good,Requires improvement to be good,Good,Outstanding,Good,Good
Ofsted Local Authority Webpage,Wiltshire,South West,22/06/2015,Requires improvement to be good,Requires improvement to be good,Requires improvement to be good,Requires improvement to be good,Requires improvement to be good,Requires improvement to be good
Ofsted Local Authority Webpage,Windsor and Maidenhead,South East,03/03/2015,Requires improvement to be good,Requires improvement to be good,Requires improvement to be good,Requires improvement to be good,Requires improvement to be good,Requires improvement to be good
Ofsted Local Authority Webpage,Wirral,North West,04/07/2016,Inadequate,Inadequate,Requires improvement to be good,Requires improvement to be good,Inadequate,Inadequate
Ofsted Local Authority Webpage,Wokingham,South East,12/10/2015,Requires improvement to be good,Requires improvement to be good,Requires improvement to be good,Good,Requires improvement to be good,Requires improvement to be good
Ofsted Local Authority Webpage,Wolverhampton,West Midlands,16/01/2017,Good,Requires improvement to be good,Good,Good,Good,Good
Ofsted Local Authority Webpage,Worcestershire,West Midlands,24/10/2016,Inadequate,Inadequate,Inadequate,Requires improvement to be good,Inadequate,Inadequate
Ofsted Local Authority Webpage,York,Yorkshire and The Humber,14/11/2016,Good,Requires improvement to be good,Good,Good,Good,Good
